"branch","tip_sha","committer_date","classification","merged_into_main","safe_delete_candidate","pr_number","pr_state","pr_draft","pr_title","pr_url"
"agent/docs-awareness-outcome-truth-lock","f8af879260de944e060b7d772a73ed0a6281b09b","2026-07-16T15:09:35-04:00","UNIQUE-WORK-REQUIRES-REVIEW","False","False","309","MERGED","False","docs: approve awareness outcome truth lock","https://github.com/christopherbdaugherty96/NovaLIS/pull/309"
"chore/restore-hosted-ci-baseline","23c93de0ccbfc1b5f5273884f10152543862e28e","2026-08-02T18:34:03-04:00","MERGED/HISTORICAL","True","True","323","MERGED","False","chore: restore hosted CI baseline","https://github.com/christopherbdaugherty96/NovaLIS/pull/323"
"codex/acceptance-ledger-append-correction","562472d8f820a708b3c4aa3678d8b5c54af6f5ab","2026-09-10T01:40:30-04:00","UNIQUE-WORK-REQUIRES-REVIEW","False","False","418","MERGED","False","Fix concurrent same-process ledger appends","https://github.com/christopherbdaugherty96/NovaLIS/pull/418"
"codex/approval-grant-slice1","3c2ea21ec858c4d2037a99796363f2cfca271c9d","2026-08-05T04:01:15-04:00","MERGED/HISTORICAL","True","True","325","MERGED","False","Authorization integrity: add bounded ApprovalGrant lifecycle","https://github.com/christopherbdaugherty96/NovaLIS/pull/325"
"codex/auralis-decision-followup","632a1a892aa0466594c06788979ea91b1ed973f6","2026-07-30T02:00:52-04:00","ACTIVE","False","False","321","MERGED","False","fix: ground Auralis decision follow-ups","https://github.com/christopherbdaugherty96/NovaLIS/pull/321"
"codex/awareness-empty-focus-handoff","b3d4799bb8bf90ae596bed018f9e5ad9740b31e5","2026-08-04T01:55:32-04:00","MERGED/HISTORICAL","True","True","324","MERGED","False","fix: ground silent-awareness decision followups","https://github.com/christopherbdaugherty96/NovaLIS/pull/324"
"codex/awareness-news-followup-interpretation-20260817","a3d65a94e3b5f4a34aafce855fa3bc21f0130e50","2026-08-16T20:51:12-04:00","MERGED/HISTORICAL","True","True","348","MERGED","False","fix: keep broad awareness follow-ups broad","https://github.com/christopherbdaugherty96/NovaLIS/pull/348"
"codex/awareness-outcome-truth","fd360c9243ee4b9c01f9a9a10f2e131d7d254f77","2026-07-16T15:39:50-04:00","MERGED/HISTORICAL","True","True","310","MERGED","False","fix: report degraded awareness outcomes honestly","https://github.com/christopherbdaugherty96/NovaLIS/pull/310"
"codex/b1-post-merge-truth-sync-20260823","684086a614a22c5e9d211efe8dff2f964d162e2d","2026-08-23T14:55:32-04:00","UNIQUE-WORK-REQUIRES-REVIEW","False","False","357","MERGED","False","Post-B1 operational truth synchronization","https://github.com/christopherbdaugherty96/NovaLIS/pull/357"
"codex/b1-runtime-truth-instrumentation-20260820","381dbaeca73786f789cc6e68fd3b6bf193296041","2026-08-23T14:19:45-04:00","UNIQUE-WORK-REQUIRES-REVIEW","False","False","356","MERGED","False","Wave B1: runtime-truth instrumentation","https://github.com/christopherbdaugherty96/NovaLIS/pull/356"
"codex/b2-capability-narration-truth-20260823","b95039c2dc483ad330205de5dac8e3b3f94d8836","2026-08-23T16:25:15-04:00","UNIQUE-WORK-REQUIRES-REVIEW","False","False","358","MERGED","False","Wave B2: ground capability narration in runtime truth","https://github.com/christopherbdaugherty96/NovaLIS/pull/358"
"codex/b2-post-merge-truth-sync-20260823","ea6f3083e3effdc02ed5828f8ce1629fcbbb1686","2026-08-23T16:39:54-04:00","UNIQUE-WORK-REQUIRES-REVIEW","False","False","359","MERGED","False","Post-B2 operational truth synchronization","https://github.com/christopherbdaugherty96/NovaLIS/pull/359"
"codex/b3-memory-governance-20260823","3e8a68aa5d17712fbb2106f052e309a2f33e120e","2026-08-23T17:42:17-04:00","UNIQUE-WORK-REQUIRES-REVIEW","False","False","360","MERGED","False","Wave B3: govern durable memory persistence","https://github.com/christopherbdaugherty96/NovaLIS/pull/360"
"codex/b3-post-merge-truth-sync-20260823","f90defc56dfb32ca0ec25bc8637417dbf1bd9071","2026-08-23T18:04:59-04:00","UNIQUE-WORK-REQUIRES-REVIEW","False","False","361","MERGED","False","Post-B3 operational truth synchronization","https://github.com/christopherbdaugherty96/NovaLIS/pull/361"
"codex/b4-post-merge-truth-sync-20260823","aad7bba6549a46e3c92a291fba587a0e5b4f4d53","2026-08-23T18:55:04-04:00","UNIQUE-WORK-REQUIRES-REVIEW","False","False","363","MERGED","False","Post-B4 operational truth synchronization","https://github.com/christopherbdaugherty96/NovaLIS/pull/363"
"codex/b4-reproducibility-hygiene-20260823","7b70a91b3a294e829a36edac067da7e4b567774e","2026-08-23T18:27:03-04:00","UNIQUE-WORK-REQUIRES-REVIEW","False","False","362","MERGED","False","Wave B4: establish canonical dependency truth","https://github.com/christopherbdaugherty96/NovaLIS/pull/362"
"codex/beta-followup-grounding","aa6f284517d7d95eec506663cfe5cee883d67b64","2026-08-30T23:25:09-04:00","UNIQUE-WORK-REQUIRES-REVIEW","False","False","400","MERGED","False","Ground immediate Personal Operations follow-ups","https://github.com/christopherbdaugherty96/NovaLIS/pull/400"
"codex/beta-readiness-truth-cleanup","484b0f5ae2171e72ff30d9619ebc097116ad18d6","2026-09-20T22:40:18-04:00","OPEN-PR","False","False","432","OPEN","False","Beta readiness: align user-facing capability truth","https://github.com/christopherbdaugherty96/NovaLIS/pull/432"
"codex/beta-slice1-personal-ops-routing","6dd6f5a2770edd7bc38d98d5998fc8e6548515f6","2026-08-28T21:54:44-04:00","UNIQUE-WORK-REQUIRES-REVIEW","False","False","397","MERGED","False","Add fail-closed personal-operations routing","https://github.com/christopherbdaugherty96/NovaLIS/pull/397"
"codex/beta-slice2-daily-loop-read-model","00730ea1590004622cc5401ee9253acb91ed7d2a","2026-08-30T11:58:36-04:00","UNIQUE-WORK-REQUIRES-REVIEW","False","False","398","MERGED","False","Add deterministic DailyLoop read model","https://github.com/christopherbdaugherty96/NovaLIS/pull/398"
"codex/beta-what-matters-today-usefulness","8742bb8b614c145ee5a724d2820cd7d15aa48a81","2026-08-30T22:38:31-04:00","UNIQUE-WORK-REQUIRES-REVIEW","False","False","399","MERGED","False","Prioritize personal state in What matters today","https://github.com/christopherbdaugherty96/NovaLIS/pull/399"
"codex/brain-index-narration-sync-20260825","b742829dd31524790b893fef1ea5babc067f6920","2026-08-25T12:18:21-04:00","SUPERSEDED","False","False","377","CLOSED","True","docs: reconcile Brain architecture index runtime status","https://github.com/christopherbdaugherty96/NovaLIS/pull/377"
"codex/brain-overview-narration-sync-20260825","9fdccfa43b202103d6b46786ef89332f6f996962","2026-08-25T12:17:40-04:00","SUPERSEDED","False","False","375","CLOSED","True","docs: reconcile canonical Brain overview narration","https://github.com/christopherbdaugherty96/NovaLIS/pull/375"
"codex/calendar-source-selection-overmatch-20260817","5af301d50ef3ae3f98016840a3668a0ff0946e6a","2026-08-16T21:28:56-04:00","MERGED/HISTORICAL","True","True","349","MERGED","False","fix: prevent calendar source-selection overmatch","https://github.com/christopherbdaugherty96/NovaLIS/pull/349"
"codex/calendar-tomorrow-scope-20260817","6ae03bac6d6270719af5bdc484ce12ce3335ea10","2026-08-16T21:54:02-04:00","MERGED/HISTORICAL","True","True","350","MERGED","False","fix: preserve Calendar tomorrow scope","https://github.com/christopherbdaugherty96/NovaLIS/pull/350"
"codex/cancel-schedule-routing-20260817","48b39c130f4bdd5d25141c99d483e1e66ba76371","2026-08-16T22:22:01-04:00","MERGED/HISTORICAL","True","True","351","MERGED","False","fix: route schedule cancellation locally","https://github.com/christopherbdaugherty96/NovaLIS/pull/351"
"codex/canonical-governance-366-guard-20260825","6fc31a74b9faacbf0c43e93606871e3a69dbe6c0","2026-08-25T19:41:08-04:00","UNIQUE-WORK-REQUIRES-REVIEW","False","False","385","MERGED","False","docs: sync canonical governance and require #366 merged","https://github.com/christopherbdaugherty96/NovaLIS/pull/385"
"codex/canonical-read-success-outcomes","5729437abd3f39fd9630148cf7d38518ef948219","2026-08-31T00:23:06-04:00","UNIQUE-WORK-REQUIRES-REVIEW","False","False","401","MERGED","False","Canonicalize successful read-only outcomes","https://github.com/christopherbdaugherty96/NovaLIS/pull/401"
"codex/cap19-turn-down-volume-20260816","71658f64fedecb370a71b667c6eb81b28028e55a","2026-08-16T17:45:51-04:00","MERGED/HISTORICAL","True","True","346","MERGED","False","fix: route turn down volume to Cap 19","https://github.com/christopherbdaugherty96/NovaLIS/pull/346"
"codex/cap21-brightness-outcome-truth-20260816","6c30b5ee96db654ff0120b2efe9b15f03941b233","2026-08-16T16:49:33-04:00","MERGED/HISTORICAL","True","True","345","MERGED","False","fix: align Cap 21 brightness outcome truth","https://github.com/christopherbdaugherty96/NovaLIS/pull/345"
"codex/commitment-truth-reminder-handoff-20260807","e496c5fded0ba6c06a17ce7066a38194535c5abe","2026-08-08T21:14:08-04:00","MERGED/HISTORICAL","True","True","330","MERGED","False","fix: enforce commitment truth for reminder handoff","https://github.com/christopherbdaugherty96/NovaLIS/pull/330"
"codex/continuity-strategic-truth-20260812","cec8c5bc947e9c26078c139048f8bf8f380761b9","2026-08-12T18:01:27-04:00","MERGED/HISTORICAL","True","True","342","MERGED","False","docs: canonicalize continuity product direction","https://github.com/christopherbdaugherty96/NovaLIS/pull/342"
"codex/continuity-truth-sync-20260806","2c77224fd1bdbfd4b94f3d6aae5d405dee8618e2","2026-08-06T21:43:33-04:00","UNIQUE-WORK-REQUIRES-REVIEW","False","False","328","MERGED","False","docs: align Nova product and roadmap truth","https://github.com/christopherbdaugherty96/NovaLIS/pull/328"
"codex/current-information-freshness-routing-20260816","8082a194d3e52c7f2bcbb52b1e9ced59b63b4b10","2026-08-16T20:23:13-04:00","MERGED/HISTORICAL","True","True","347","MERGED","False","fix: route current-information freshness safely","https://github.com/christopherbdaugherty96/NovaLIS/pull/347"
"codex/current-stage-reference-banner-20260825","b3c4f5c0a78919a6c574d68d19ce47793a672c85","2026-08-25T12:15:32-04:00","SUPERSEDED","False","False","372","CLOSED","True","docs: mark Current Stage guide as historical reference","https://github.com/christopherbdaugherty96/NovaLIS/pull/372"
"codex/dailyloop-user-activity-ranking","3d3747c84a731a7192e6c56d0722ea23d09d3fb5","2026-08-31T00:45:33-04:00","UNIQUE-WORK-REQUIRES-REVIEW","False","False","402","MERGED","False","Prioritize user activity in DailyLoop history","https://github.com/christopherbdaugherty96/NovaLIS/pull/402"
"codex/docs-2026-07-15-session-sync","e564d98a2648ac25edbe2a9fd8aab6f98477f506","2026-07-15T01:44:46-04:00","MERGED/HISTORICAL","True","True","308","MERGED","False","docs: sync Morning 5 grounded brief status","https://github.com/christopherbdaugherty96/NovaLIS/pull/308"
"codex/durability-lane1-user-data-root","6078e03cb3c945247aee1bbcf8c830ff5521aeb2","2026-09-09T12:39:05-04:00","UNIQUE-WORK-REQUIRES-REVIEW","False","False","413","MERGED","False","Add canonical durability state registry","https://github.com/christopherbdaugherty96/NovaLIS/pull/413"
"codex/durability-lane2-closeout","2b8888beffd62a0638ad3cccd9b0dbfb68f67836","2026-09-09T14:34:46-04:00","UNIQUE-WORK-REQUIRES-REVIEW","False","False","417","MERGED","False","Close durability lane two truth","https://github.com/christopherbdaugherty96/NovaLIS/pull/417"
"codex/durability-lane2-corruption-readers","3dfc450e41e2cfa34a38148161f6407035ed045b","2026-09-09T13:52:34-04:00","UNIQUE-WORK-REQUIRES-REVIEW","False","False","416","MERGED","False","Fail closed on persisted state corruption","https://github.com/christopherbdaugherty96/NovaLIS/pull/416"
"codex/durability-lane3-closeout","8c1192d68880b24ddead9b05837e72ac04de5afc","2026-09-10T23:41:03-04:00","UNIQUE-WORK-REQUIRES-REVIEW","False","False","420","MERGED","False","Close Durability Lane 3 truth","https://github.com/christopherbdaugherty96/NovaLIS/pull/420"
"codex/durability-lane3-maintenance","2eb86353c6d5fc9a4df33864c3a62c13e28adb49","2026-09-10T23:20:29-04:00","UNIQUE-WORK-REQUIRES-REVIEW","False","False","419","MERGED","False","Add maintenance locking and mutation quiescence","https://github.com/christopherbdaugherty96/NovaLIS/pull/419"
"codex/durability-lane4-snapshot-manifest","76dfeb5b61ad782100f7beec0c2e674ac159dd96","2026-09-11T17:14:18-04:00","MERGED/HISTORICAL","True","True","421","MERGED","False","Add versioned durability snapshots and manifests","https://github.com/christopherbdaugherty96/NovaLIS/pull/421"
"codex/durability-state-ownership-408","45c140725446f16d672c9cdd8bc7f8a0bc3263d6","2026-09-08T23:33:53-04:00","UNIQUE-WORK-REQUIRES-REVIEW","False","False","412","MERGED","False","Define durability and state ownership for beta","https://github.com/christopherbdaugherty96/NovaLIS/pull/412"
"codex/fix-multiline-335-status-scan-20260825","a80abffee0b5638ebd21d1d4c2a964dc38c58aed","2026-08-25T19:00:54-04:00","UNIQUE-WORK-REQUIRES-REVIEW","False","False","383","MERGED","False","fix: scan full multiline #335 status block","https://github.com/christopherbdaugherty96/NovaLIS/pull/383"
"codex/fresh-main-acceptance-truth-sync-20260812","35a43a2c8a0b89e393cb033cd28a7dd353ea10e0","2026-08-12T04:02:11-04:00","MERGED/HISTORICAL","True","True","336","MERGED","False","docs: record fresh-main acceptance and truth ordering","https://github.com/christopherbdaugherty96/NovaLIS/pull/336"
"codex/full-vision-strategic-compass","d396b7d271566fe350b5d516ba50ae9584843cd5","2026-08-05T21:12:40-04:00","MERGED/HISTORICAL","True","True","327","MERGED","False","docs: preserve Nova full-vision strategic architecture","https://github.com/christopherbdaugherty96/NovaLIS/pull/327"
"codex/google-workspace-foundation-reconstruction-20260827","6dc6281d5d61efd1a1a15e40edf40864514f55b7","2026-08-28T14:15:42-04:00","UNIQUE-WORK-REQUIRES-REVIEW","False","False","394","MERGED","False","Reconstruct Google Workspace Foundation","https://github.com/christopherbdaugherty96/NovaLIS/pull/394"
"codex/google-workspace-foundation-slice1-20260810","befb69ef75881a9f418472549b64243219c138f9","2026-08-10T02:32:51-04:00","OPEN-PR","False","False","335","OPEN","True","feat: add Google Workspace connection foundation","https://github.com/christopherbdaugherty96/NovaLIS/pull/335"
"codex/grounded-brief-slice0","34fd8704771980d55f490bfd441bd1dada014c5f","2026-07-15T01:07:05-04:00","MERGED/HISTORICAL","True","True","307","MERGED","False","Tighten brief follow-up controls","https://github.com/christopherbdaugherty96/NovaLIS/pull/307"
"codex/home-activity-presentation","250d62ec7a00e71cbdee13ac54eeddc8b3d50add","2026-09-03T15:16:31-04:00","UNIQUE-WORK-REQUIRES-REVIEW","False","False","405","MERGED","False","Prioritize meaningful Home activity","https://github.com/christopherbdaugherty96/NovaLIS/pull/405"
"codex/issue-368-workspace-session-continuity-20260827","5771110bd159af94671efc1964a814cfe85fee8f","2026-08-27T14:49:17-04:00","UNIQUE-WORK-REQUIRES-REVIEW","False","False","391","MERGED","False","Fix Phase 5 workspace continuity runtime truth","https://github.com/christopherbdaugherty96/NovaLIS/pull/391"
"codex/issue-387-master-roadmap-sync-20260827","0af9274d937aee391e1b137f02c77b15b88e6528","2026-08-27T15:40:54-04:00","UNIQUE-WORK-REQUIRES-REVIEW","False","False","392","MERGED","False","Synchronize master roadmap after issues 388 and 368","https://github.com/christopherbdaugherty96/NovaLIS/pull/392"
"codex/issue-388-operational-truth-checker-20260827","ab6f418d40b886ea8ee1f345e5ac5e82e2c2f239","2026-08-27T12:45:17-04:00","UNIQUE-WORK-REQUIRES-REVIEW","False","False","390","MERGED","False","Fix operational truth ordering checker","https://github.com/christopherbdaugherty96/NovaLIS/pull/390"
"codex/local-action-outcome-truth-20260809","d332f83015b1d47620ac66f3d2999d0e6061598a","2026-08-09T20:13:57-04:00","MERGED/HISTORICAL","True","True","331","MERGED","False","fix: preserve local action outcome truth","https://github.com/christopherbdaugherty96/NovaLIS/pull/331"
"codex/local-chat-usage-visibility","19b2831c1a2c93687301ddb59e0be57f9345a281","2026-07-14T23:01:43-04:00","MERGED/HISTORICAL","True","True","304","MERGED","False","Surface local chat usage metadata","https://github.com/christopherbdaugherty96/NovaLIS/pull/304"
"codex/memory-id-collision-406","e9545a46faaecefc4be8d9754dc985430f86d84c","2026-09-08T21:31:11-04:00","UNIQUE-WORK-REQUIRES-REVIEW","False","False","411","MERGED","False","Fix governed memory identity collisions and ambiguous mutations","https://github.com/christopherbdaugherty96/NovaLIS/pull/411"
"codex/morning-4-checklist","875a0437edcfc91f4de9894afd99dc5fd3b9bc36","2026-07-14T21:55:03-04:00","UNIQUE-WORK-REQUIRES-REVIEW","False","False","","","","",""
"codex/news-async-synthesis-slice1","77488ee8e8c1e1fdae566719bf9102e129a336f9","2026-07-14T23:40:30-04:00","MERGED/HISTORICAL","True","True","305","MERGED","False","Add read-through news synthesis cache","https://github.com/christopherbdaugherty96/NovaLIS/pull/305"
"codex/news-async-synthesis-slice2","20d1753e62b050eca3e98e82c640a2f1303dfe59","2026-07-15T00:18:39-04:00","MERGED/HISTORICAL","True","True","306","MERGED","False","Add async news synthesis fill","https://github.com/christopherbdaugherty96/NovaLIS/pull/306"
"codex/non-hosted-exact-head-proof-policy-20260827","25df60a724d11dcd06c6fe6fc31e524f2576f5fa","2026-08-27T16:03:54-04:00","UNIQUE-WORK-REQUIRES-REVIEW","False","False","393","MERGED","False","Define non-hosted exact-head proof policy","https://github.com/christopherbdaugherty96/NovaLIS/pull/393"
"codex/operating-model-narration-sync-20260825","810ea82c2652ccd557f1ed648569a68dd2a1b46c","2026-08-25T12:16:44-04:00","SUPERSEDED","False","False","373","CLOSED","True","docs: reconcile Nova Operating Model implementation narration","https://github.com/christopherbdaugherty96/NovaLIS/pull/373"
"codex/p1a-commitment-capability-truth-20260812","e48e6548c7f0991ac219e084abb6497472cfcf6a","2026-08-12T12:15:07-04:00","MERGED/HISTORICAL","True","True","337","MERGED","False","fix: enforce user-visible commitment truth","https://github.com/christopherbdaugherty96/NovaLIS/pull/337"
"codex/p1a-reminder-save-truth-20260812","130e38f701cfead18c735c7ffc75ce650e6006bb","2026-08-12T13:09:47-04:00","MERGED/HISTORICAL","True","True","338","MERGED","False","fix: preserve reminder save follow-up truth","https://github.com/christopherbdaugherty96/NovaLIS/pull/338"
"codex/p1b-receipt-correlated-activity-20260812","50cd8dbad35845a3ae37dc759df43c26951ae713","2026-08-12T14:18:00-04:00","MERGED/HISTORICAL","True","True","339","MERGED","False","fix: ground session activity recap in receipts","https://github.com/christopherbdaugherty96/NovaLIS/pull/339"
"codex/p2-cap19-outcome-truth-20260812","449f6bac9f40b6ff7dc4f39c8bee4dcf322d2afd","2026-08-12T15:05:58-04:00","MERGED/HISTORICAL","True","True","340","MERGED","False","fix: align Cap 19 outcome truth","https://github.com/christopherbdaugherty96/NovaLIS/pull/340"
"codex/p2-weather-location-truth-20260812","4a85fcabf1648f424cebdd520a8fefdcb078a84b","2026-08-12T16:53:37-04:00","MERGED/HISTORICAL","True","True","341","MERGED","False","fix: preserve explicit weather locations","https://github.com/christopherbdaugherty96/NovaLIS/pull/341"
"codex/p2-weather-websocket-location-truth-20260816","ed6470f42a5ce6ce50e259c9b7e5892d03a3d4cb","2026-08-16T15:36:58-04:00","MERGED/HISTORICAL","True","True","344","MERGED","False","fix: preserve weather location through websocket","https://github.com/christopherbdaugherty96/NovaLIS/pull/344"
"codex/post-394-truth-sync","7aacaa7c923ad3cdd6af09256bc034a6beacc2b4","2026-08-28T18:12:28-04:00","UNIQUE-WORK-REQUIRES-REVIEW","False","False","395","MERGED","False","Synchronize operational truth after #394","https://github.com/christopherbdaugherty96/NovaLIS/pull/395"
"codex/post-405-truth-sync","1f2bd1ec81732368e9adfa83a831836444c5eff2","2026-09-08T12:37:21-04:00","UNIQUE-WORK-REQUIRES-REVIEW","False","False","407","MERGED","False","Sync post-#405 beta readiness order","https://github.com/christopherbdaugherty96/NovaLIS/pull/407"
"codex/post-wave-c-closeout-completion-sync-20260825","47c9ca772aa7e54f0c01ac3982b50c32fd8ed480","2026-08-25T17:48:39-04:00","UNIQUE-WORK-REQUIRES-REVIEW","False","False","380","MERGED","False","docs: complete post-Wave-C operational truth transition","https://github.com/christopherbdaugherty96/NovaLIS/pull/380"
"codex/post-wave-c-documentation-closeout-20260825","4ddd46ad0c3e3c5db55e006680f4a426956581c1","2026-08-25T12:57:44-04:00","MERGED/HISTORICAL","True","True","","","","",""
"codex/post-wave-c-documentation-closeout-final-20260825","84222288335c399c1ffa73186858e8ba84e9a64a","2026-08-25T13:21:09-04:00","UNIQUE-WORK-REQUIRES-REVIEW","False","False","378","MERGED","False","docs: consolidate post-Wave-C documentation closeout","https://github.com/christopherbdaugherty96/NovaLIS/pull/378"
"codex/post-wave-c-truth-hygiene-20260825","c9a032f6ed52ac7a10efabe0e95c9b6b8d09a500","2026-08-25T12:51:51-04:00","UNIQUE-WORK-REQUIRES-REVIEW","False","False","366","MERGED","False","docs: separate current main from Wave C validated baseline","https://github.com/christopherbdaugherty96/NovaLIS/pull/366"
"codex/post312-owner-acceptance-20260807","9b461c1eccf04735c6f116e324202a0b2d71c1db","2026-08-07T16:41:28-04:00","MERGED/HISTORICAL","True","True","329","MERGED","False","docs: record post-312 owner acceptance and select commitment-truth repair","https://github.com/christopherbdaugherty96/NovaLIS/pull/329"
"codex/post332-roadmap-reconciliation-20260810","ee8500ccf75823a51d0a62486e8ed5cf9211defe","2026-08-09T22:14:11-04:00","MERGED/HISTORICAL","True","True","333","MERGED","False","docs: close trust lanes and sequence semantic substrate","https://github.com/christopherbdaugherty96/NovaLIS/pull/333"
"codex/presentation-first-screen","cc307093d7dfc254a3a2e122e2cf483ef8edd009","2026-09-29T21:07:03-04:00","OPEN-PR","False","False","443","OPEN","False","docs: present Nova workflow and maturity before proof history","https://github.com/christopherbdaugherty96/NovaLIS/pull/443"
"codex/private-drive-source-selection-20260817","4f60a07829ec4310de55762312a14b2a36a1f7f0","2026-08-16T22:49:43-04:00","MERGED/HISTORICAL","True","True","352","MERGED","False","fix: keep private Drive searches off public web","https://github.com/christopherbdaugherty96/NovaLIS/pull/352"
"codex/readme-front-door-truth-20260825","894d2af88ff0e270913e167cd11ac82b31c3e4d7","2026-08-25T12:12:22-04:00","SUPERSEDED","False","False","367","CLOSED","True","docs: reconcile README front-door current truth","https://github.com/christopherbdaugherty96/NovaLIS/pull/367"
"codex/reminder-schedule-routing-closeout-20260810","e812d6f6e25832585b03a8c2d4010b23245fab99","2026-08-09T21:35:18-04:00","MERGED/HISTORICAL","True","True","332","MERGED","False","fix: preserve notification schedule command precedence","https://github.com/christopherbdaugherty96/NovaLIS/pull/332"
"codex/runtime-proof-entrypoint","df929751b3a0c4138370751fb355f0b785104652","2026-07-09T14:27:13-04:00","UNIQUE-WORK-REQUIRES-REVIEW","False","False","","","","",""
"codex/second-brain-slice1-activation","b68e84af94b9e3a50bbec2314c3d593425e08801","2026-06-10T23:41:03-04:00","UNIQUE-WORK-REQUIRES-REVIEW","False","False","243","MERGED","False","feat: Second Brain Slice 1 + governed Morning Brief activation","https://github.com/christopherbdaugherty96/NovaLIS/pull/243"
"codex/second-pass-post-closeout-truth-hardening-20260825","2cb78b056c59e204d1329c512a241fa0c5796c28","2026-08-25T18:28:43-04:00","UNIQUE-WORK-REQUIRES-REVIEW","False","False","382","MERGED","False","docs: harden post-closeout truth on second pass","https://github.com/christopherbdaugherty96/NovaLIS/pull/382"
"codex/semantic-substrate-slice1-20260809","778e3641a74669d233b95a166e8ab4e9425be59a","2026-08-10T00:56:34-04:00","MERGED/HISTORICAL","True","True","334","MERGED","False","feat: add Semantic Substrate Slice 1 contracts","https://github.com/christopherbdaugherty96/NovaLIS/pull/334"
"codex/start-here-post-wave-c-truth-fix-20260825","9546acf2e48cdb627d39225590972b5465d24b63","2026-08-25T00:07:45-04:00","UNIQUE-WORK-REQUIRES-REVIEW","False","False","","","","",""
"codex/start-here-truth-20260825","90fda6830fd757a6a997dcef169fc93b5b11a9a0","2026-08-25T12:14:34-04:00","SUPERSEDED","False","False","369","CLOSED","True","docs: reconcile Start Here current truth","https://github.com/christopherbdaugherty96/NovaLIS/pull/369"
"codex/wave-a1-operational-truth-sync-20260820","55270a9b6fd26dc6b37a03b3989d017b00d9c764","2026-08-20T18:58:23-04:00","UNIQUE-WORK-REQUIRES-REVIEW","False","False","353","MERGED","False","docs: reconcile Wave A1 operational truth","https://github.com/christopherbdaugherty96/NovaLIS/pull/353"
"codex/wave-c-baseline-waiver-20260824","2d0728319dbadadb36b96c50b86782d50070423a","2026-08-24T12:01:46-04:00","UNIQUE-WORK-REQUIRES-REVIEW","False","False","365","MERGED","False","Record Wave C validated baseline and evidence waiver","https://github.com/christopherbdaugherty96/NovaLIS/pull/365"
"codex/wave-c-validation-20260823","786c048df6dc4ed8f3c8245c5b365d4296f342f4","2026-08-24T01:23:54-04:00","UNIQUE-WORK-REQUIRES-REVIEW","False","False","364","MERGED","False","Wave C: full-system validation repairs","https://github.com/christopherbdaugherty96/NovaLIS/pull/364"
"docs/2026-07-25-nova-direction-session","f6e82baa83a084205dccbb6404e58961ac14c962","2026-07-27T13:44:09-04:00","UNIQUE-WORK-REQUIRES-REVIEW","False","False","313","MERGED","False","docs: preserve 2026-07-25 Nova direction session","https://github.com/christopherbdaugherty96/NovaLIS/pull/313"
"docs/a2-strategy-reconciliation-20260820","fb8d2c38b853c408662073b73add143dbecd05df","2026-08-20T19:18:42-04:00","UNIQUE-WORK-REQUIRES-REVIEW","False","False","355","MERGED","False","docs: reconcile Wave A2 product platform strategy","https://github.com/christopherbdaugherty96/NovaLIS/pull/355"
"docs/b1-cleared-status","c7895313a086d3cd52052e968e63b38f830de66d","2026-07-28T03:07:18-04:00","UNIQUE-WORK-REQUIRES-REVIEW","False","False","317","MERGED","False","docs: mark B1 test-suite blocker CLEARED (full suite green on merged main)","https://github.com/christopherbdaugherty96/NovaLIS/pull/317"
"docs/final-summary-current-truth","b8ca103678242fab3b9d0e917603f21423cba0d3","2026-05-23T11:29:48-04:00","UNIQUE-WORK-REQUIRES-REVIEW","False","False","228","MERGED","False","docs: add final baseline summary for current governed state","https://github.com/christopherbdaugherty96/NovaLIS/pull/228"
"docs/nova-product-platform-direction-20260817","3f29dd2ca29cc50dd5a0cb31c5e2b9a7c3aacb1e","2026-08-17T02:42:37-04:00","UNIQUE-WORK-REQUIRES-REVIEW","False","False","","","","",""
"docs/post-beta-governed-capability-expansion-20260921","f6ad489823b11f60fab26d14475ed8005f639959","2026-09-21T02:19:17-04:00","OPEN-PR","False","False","435","OPEN","True","docs: refine post-beta governed capability expansion strategy","https://github.com/christopherbdaugherty96/NovaLIS/pull/435"
"docs/sync-post-pr312-current-truth","811da1d796713c18f94bf8d7bfce763c06dbc40e","2026-07-27T11:34:59-04:00","UNIQUE-WORK-REQUIRES-REVIEW","False","False","314","MERGED","False","docs: sync canonical truth after PR #312 (seven-morning gate closed)","https://github.com/christopherbdaugherty96/NovaLIS/pull/314"
"docs/truth-sync-post-319","35c515d3de2e4a7c7c095ee52e6cead751093931","2026-07-28T20:39:33-04:00","UNIQUE-WORK-REQUIRES-REVIEW","False","False","320","MERGED","False","docs: truth-sync after #319 — advance DCC to b6956d39, land direction + smoke records","https://github.com/christopherbdaugherty96/NovaLIS/pull/320"
"feat/brief-phrasing-intent-lane","71d1bbef9fe7113d591391ef1dc5e59eec3a5ade","2026-07-14T19:56:53-04:00","MERGED/HISTORICAL","True","True","302","MERGED","False","Trustworthy conversation: brief-phrasing intent, status-frame fix, Gotcha loop fix","https://github.com/christopherbdaugherty96/NovaLIS/pull/302"
"feat/ux-solidity-pass","388b596729e3476c69d69842a61466ac02fda2a2","2026-07-08T03:06:09-04:00","UNIQUE-WORK-REQUIRES-REVIEW","False","False","","","","",""
"fix/awareness-brief-overview-grounding","63eade83b59f152475c4df99bc3d80e21504fd7d","2026-07-28T19:54:53-04:00","UNIQUE-WORK-REQUIRES-REVIEW","False","False","319","MERGED","False","fix: ground awareness-brief overview questions (""What matters most?"")","https://github.com/christopherbdaugherty96/NovaLIS/pull/319"
"fix/b1-block-external-browser-launch","dd832f42a4b5dc8dd41e698133574eab98cbff1e","2026-07-27T14:28:35-04:00","UNIQUE-WORK-REQUIRES-REVIEW","False","False","315","MERGED","False","test: block real browser/email-client launches suite-wide (B1 isolation)","https://github.com/christopherbdaugherty96/NovaLIS/pull/315"
"fix/b1-test-hermeticity","dda979c31f4230c71200306c2f40a1568454bb97","2026-07-27T16:06:49-04:00","UNIQUE-WORK-REQUIRES-REVIEW","False","False","316","MERGED","False","test: make three suite tests hermetic (B1 test-isolation, slice 2)","https://github.com/christopherbdaugherty96/NovaLIS/pull/316"
"fix/governed-surface-routing-guard","1f02a1dd3302f0d70817834e121efbbe51b10074","2026-07-28T17:41:17-04:00","UNIQUE-WORK-REQUIRES-REVIEW","False","False","318","MERGED","False","fix: guard governed-surface requests from GeneralChat (trust-boundary routing repair)","https://github.com/christopherbdaugherty96/NovaLIS/pull/318"
"fix/news-confidence-degradation","88b6506e99cc280616eb0afa6773e63b9af0a6d6","2026-07-14T22:28:50-04:00","MERGED/HISTORICAL","True","True","303","MERGED","False","Fix news confidence for synthesis placeholders","https://github.com/christopherbdaugherty96/NovaLIS/pull/303"
"fix/post-321-decision-line-contract","2f2ecf0447ba75067bd3b74dc24a4eb80a802cf5","2026-08-02T20:39:09-04:00","MERGED/HISTORICAL","True","True","322","MERGED","False","fix: preserve Auralis decision lines exactly","https://github.com/christopherbdaugherty96/NovaLIS/pull/322"
"main","4a48bfcee2d90c73d5e7b09704c479364e183440","2026-09-29T21:04:37-04:00","ACTIVE","True","False","","","","",""
"ui/goal-card-ux-polish","36d5beedf84d369f5924c814f81b57eead7083a2","2026-05-24T01:04:06-04:00","UNIQUE-WORK-REQUIRES-REVIEW","False","False","230","MERGED","False","Goal Card UX polish — clearer labels, smarter legend, reduced noise","https://github.com/christopherbdaugherty96/NovaLIS/pull/230"
"ui/product-clarity-slice","60010682cff658700f4826cd155a073e513e82c0","2026-05-26T01:32:29-04:00","UNIQUE-WORK-REQUIRES-REVIEW","False","False","233","MERGED","False","UI Simplification — product clarity without authority expansion","https://github.com/christopherbdaugherty96/NovaLIS/pull/233"
